{"cameraMode":{"drawMode":0,"name":"Shaded","section":"Shading Mode"},"sceneLighting":true,"audioPlay":false,"sceneViewState":{"m_AlwaysRefresh":true,"showFog":true,"showSkybox":true,"showFlares":true,"showImageEffects":true,"showParticleSystems":true,"showVisualEffectGraphs":true,"m_FxEnabled":true},"in2DMode":false,"pivot":{"x":-26.05999755859375,"y":6.039999961853027,"z":-21.489999771118165},"rotation":{"x":0.6464306712150574,"y":0.001144419889897108,"z":-0.0009696320630609989,"w":0.7629712820053101},"size":25.458120346069337,"orthographic":true}