{"cameraMode":{"drawMode":0,"name":"Shaded","section":"Shading Mode"},"sceneLighting":true,"audioPlay":false,"sceneViewState":{"m_AlwaysRefresh":true,"showFog":true,"showSkybox":true,"showFlares":true,"showImageEffects":true,"showParticleSystems":true,"showVisualEffectGraphs":true,"m_FxEnabled":true},"in2DMode":false,"pivot":{"x":-26.05999755859375,"y":6.039999961853027,"z":-21.489999771118165},"rotation":{"x":0.7226278185844421,"y":-0.016582868993282319,"z":0.017346402630209924,"w":0.6908201575279236},"size":25.458120346069337,"orthographic":true}